{
  "courses": [
    {
      "title": "Learn ng",
      "image": "https://process.fs.teachablecdn.com/ADNupMnWyR7kCWRvm76Laz/resize=width:705/https://cdn.filestackcontent.com/ndgpEj1YRAqrlS0gNZBb",
      "price": 30.45664,
      "body": "Learn angular from scratch 18",
      "id": 1
    },
    {
      "title": "Vue 3",
      "image": "https://process.fs.teachablecdn.com/ADNupMnWyR7kCWRvm76Laz/resize=width:705/https://cdn.filestackcontent.com/VXYNEvjqRvaVy7cvy0he",
      "price": 27.3467788,
      "body": "Learn web develoment",
      "active": false,
      "id": 2
    },
    {
      "title": "fvfg@dff",
      "image": "dff",
      "price": 12.78,
      "body": "dfdf",
      "id": 3
    }
  ],
  "users": [
    {
      "name": "Abdellah",
      "id": 1
    }
  ],
  "categories": []
}